,PANADOL.EE05129 TOP OF MIND.TOP OF MIND.TOP OF MIND.TOP OF MIND.TOP OF MIND.TOP OF MIND.TOP OF MIND,"CHAO.TV , SOBRE, DESDE UNIDAD.TV , SOBRE, DESDE UNIDAD.TV , SOBRE, DESDE UNIDAD.TV , SOBRE, DESDE UNIDAD.TV , SOBRE, DESDE UNIDAD.TV , SOBRE, DESDE UNIDAD.TV , SOBRE, DESDE UNIDAD",TAPSIN.......,TIDOL.LOMISMO PERO MAS BARATO.LOMISMO PERO MAS BARATO.LOMISMO PERO MAS BARATO.LOMISMO PERO MAS BARATO.LOMISMO PERO MAS BARATO.LOMISMO PERO MAS BARATO.LOMISMO PERO MAS BARATO,MEJORAL.......,PHARAMOL.......
RS,EE05129,EN02077,EE05657,EE12165,EN09443,EN09365
Condición de venta,Sin receta,Sin receta,Sin receta,Sin receta,Sin receta,Sin receta
Procedencia,Panamá,PERU,CHILE,INDIA,PERU,PERU
Fabricante,HALEON PANAMA,LABORATORIOS GABBLAN S.A.C,LABORATORIO MAVER SA,STERLING HEALTHCARE LTD.,MEDIFARMA,LABORATORIOS GABBLAN S.A.C.
Venta PM DIC 24,"52,2 M","6,6 M",129 k,358 k,352 k,Marca blanca de la cadenas
Lab,Haleon ,Genoma Lab,Maver,Bonapharm,Medifarma,MKT Pharma
,Paracetamol 500mg Fenilefrina 5mg,Paracetamol 500mg Fenilefrina 5mg,Paracetamol 325mg Fenilefrina 5mg,Paracetamol 500mg Fenilefrina 5mg Clorfenamina 2mg,Paracetamol 500mg Fenilefrina 5mg Clorfenamina 2mg,Paracetamol 500mg Fenilefrina 5mg
Molécula,Fenilefrina 5mg Clorfenamina 2mg,Fenilefrina 5mg Clorfenamina 2mg,,Clorfenamina 2mg,,Clorfenamina 2mg
,Marca con mayor recordación  apoyada en publicidad.  Alivia ,Marca con recordación  apoyada en publicidad. Sobre ,Presentación sobre x 2.  Marca con margen  atractivo para la  farmacia. El alivio de los  que saben,Producto con menos de 1 año  de lanzamiente. El mismo  antigripal pero un precio más  barato. Olvidate de la gripe a  un precio justo,Laoratorio reconocido por  estrategia comercial con  bonificaciones. Triple acción.  Mejor mejora Mejoral,50 sobres x 2 comp
Pilares de promoción,Marca con mayor recordación  apoyada en publicidad.  Alivia  7 síntomas de la gripe,Marca con recordación  apoyada en publicidad. Sobre  x 2 y a la gripe dile Chao,Presentación sobre x 2.  Marca con margen  atractivo para la  farmacia. El alivio de los  que saben,Producto con menos de 1 año  de lanzamiente. El mismo  antigripal pero un precio más  barato. Olvidate de la gripe a  un precio justo,Laoratorio reconocido por  estrategia comercial con  bonificaciones. Triple acción.  Mejor mejora Mejoral,Marca propia cadena. Para  aliviar los síntomas de la gripe  y para tu bolsillo.
Pilares de promoción,Marca con mayor recordación  apoyada en publicidad.  Alivia  7 síntomas de la gripe,Marca con recordación  apoyada en publicidad. Sobre  x 2 y a la gripe dile Chao,Presentación sobre x 2.  Marca con margen  atractivo para la  farmacia. El alivio de los  que saben,Producto con menos de 1 año  de lanzamiente. El mismo  antigripal pero un precio más  barato. Olvidate de la gripe a  un precio justo,Laoratorio reconocido por  estrategia comercial con  bonificaciones. Triple acción.  Mejor mejora Mejoral,Marca propia cadena. Para  aliviar los síntomas de la gripe  y para tu bolsillo.
Pilares de promoción,Marca con mayor recordación  apoyada en publicidad.  Alivia  7 síntomas de la gripe,Marca con recordación  apoyada en publicidad. Sobre  x 2 y a la gripe dile Chao,Marca con margen  atractivo para la  farmacia. El alivio de los  que saben,de lanzamiente. El mismo  antigripal pero un precio más  barato. Olvidate de la gripe a  un precio justo,Laoratorio reconocido por  estrategia comercial con  bonificaciones. Triple acción.  Mejor mejora Mejoral,Marca propia cadena. Para  aliviar los síntomas de la gripe  y para tu bolsillo.
Pilares de promoción,Marca con mayor recordación  apoyada en publicidad.  Alivia  7 síntomas de la gripe,apoyada en publicidad. Sobre  x 2 y a la gripe dile Chao,Marca con margen  atractivo para la  farmacia. El alivio de los  que saben,de lanzamiente. El mismo  antigripal pero un precio más  barato. Olvidate de la gripe a  un precio justo,Laoratorio reconocido por  estrategia comercial con  bonificaciones. Triple acción.  Mejor mejora Mejoral,Marca propia cadena. Para  aliviar los síntomas de la gripe  y para tu bolsillo.
Pilares de promoción,Marca con mayor recordación  apoyada en publicidad.  Alivia  7 síntomas de la gripe,apoyada en publicidad. Sobre  x 2 y a la gripe dile Chao,Marca con margen  atractivo para la  farmacia. El alivio de los  que saben,de lanzamiente. El mismo  antigripal pero un precio más  barato. Olvidate de la gripe a  un precio justo,estrategia comercial con  bonificaciones. Triple acción.  Mejor mejora Mejoral,Marca propia cadena. Para  aliviar los síntomas de la gripe  y para tu bolsillo.
Pilares de promoción,apoyada en publicidad.  Alivia  7 síntomas de la gripe,apoyada en publicidad. Sobre  x 2 y a la gripe dile Chao,atractivo para la  farmacia. El alivio de los  que saben,antigripal pero un precio más  barato. Olvidate de la gripe a  un precio justo,estrategia comercial con  bonificaciones. Triple acción.  Mejor mejora Mejoral,aliviar los síntomas de la gripe  y para tu bolsillo.
,apoyada en publicidad.  Alivia  7 síntomas de la gripe,apoyada en publicidad. Sobre  x 2 y a la gripe dile Chao,atractivo para la  farmacia. El alivio de los  que saben,antigripal pero un precio más  barato. Olvidate de la gripe a  un precio justo,estrategia comercial con  bonificaciones. Triple acción.  Mejor mejora Mejoral,aliviar los síntomas de la gripe  y para tu bolsillo.
,apoyada en publicidad.  Alivia  7 síntomas de la gripe,apoyada en publicidad. Sobre  x 2 y a la gripe dile Chao,atractivo para la  farmacia. El alivio de los  que saben,antigripal pero un precio más  barato. Olvidate de la gripe a  un precio justo,estrategia comercial con  bonificaciones. Triple acción.  Mejor mejora Mejoral,aliviar los síntomas de la gripe  y para tu bolsillo.
,apoyada en publicidad.  Alivia  7 síntomas de la gripe,apoyada en publicidad. Sobre  x 2 y a la gripe dile Chao,farmacia. El alivio de los  que saben,barato. Olvidate de la gripe a  un precio justo,estrategia comercial con  bonificaciones. Triple acción.  Mejor mejora Mejoral,aliviar los síntomas de la gripe  y para tu bolsillo.
,apoyada en publicidad.  Alivia  7 síntomas de la gripe,apoyada en publicidad. Sobre  x 2 y a la gripe dile Chao,atractivo para la  farmacia. El alivio de los  que saben,barato. Olvidate de la gripe a  un precio justo,bonificaciones. Triple acción.  Mejor mejora Mejoral,aliviar los síntomas de la gripe  y para tu bolsillo.
,apoyada en publicidad.  Alivia  7 síntomas de la gripe,apoyada en publicidad. Sobre  x 2 y a la gripe dile Chao,atractivo para la  farmacia. El alivio de los  que saben,barato. Olvidate de la gripe a  un precio justo,bonificaciones. Triple acción.  Mejor mejora Mejoral,aliviar los síntomas de la gripe  y para tu bolsillo.
,apoyada en publicidad.  Alivia  7 síntomas de la gripe,x 2 y a la gripe dile Chao,farmacia. El alivio de los  que saben,barato. Olvidate de la gripe a  un precio justo,bonificaciones. Triple acción.  Mejor mejora Mejoral,aliviar los síntomas de la gripe  y para tu bolsillo.
,apoyada en publicidad.  Alivia  7 síntomas de la gripe,x 2 y a la gripe dile Chao,farmacia. El alivio de los  que saben,barato. Olvidate de la gripe a  un precio justo,bonificaciones. Triple acción.  Mejor mejora Mejoral,y para tu bolsillo.
,apoyada en publicidad.  Alivia  7 síntomas de la gripe,x 2 y a la gripe dile Chao,farmacia. El alivio de los  que saben,barato. Olvidate de la gripe a  un precio justo,bonificaciones. Triple acción.  Mejor mejora Mejoral,y para tu bolsillo.
,apoyada en publicidad.  Alivia  7 síntomas de la gripe,x 2 y a la gripe dile Chao,farmacia. El alivio de los  que saben,barato. Olvidate de la gripe a  un precio justo,bonificaciones. Triple acción.  Mejor mejora Mejoral,y para tu bolsillo.
,apoyada en publicidad.  Alivia  7 síntomas de la gripe,x 2 y a la gripe dile Chao,farmacia. El alivio de los  que saben,barato. Olvidate de la gripe a  un precio justo,bonificaciones. Triple acción.  Mejor mejora Mejoral,y para tu bolsillo.
,apoyada en publicidad.  Alivia  7 síntomas de la gripe,x 2 y a la gripe dile Chao,farmacia. El alivio de los  que saben,barato. Olvidate de la gripe a  un precio justo,bonificaciones. Triple acción.  Mejor mejora Mejoral,y para tu bolsillo.
,apoyada en publicidad.  Alivia  7 síntomas de la gripe,x 2 y a la gripe dile Chao,farmacia. El alivio de los  que saben,barato. Olvidate de la gripe a  un precio justo,bonificaciones. Triple acción.  Mejor mejora Mejoral,y para tu bolsillo.
,apoyada en publicidad.  Alivia  7 síntomas de la gripe,x 2 y a la gripe dile Chao,farmacia. El alivio de los  que saben,barato. Olvidate de la gripe a  un precio justo,bonificaciones. Triple acción.  Mejor mejora Mejoral,y para tu bolsillo.
,apoyada en publicidad.  Alivia  7 síntomas de la gripe,x 2 y a la gripe dile Chao,farmacia. El alivio de los  que saben,barato. Olvidate de la gripe a  un precio justo,bonificaciones. Triple acción.  Mejor mejora Mejoral,y para tu bolsillo.
,apoyada en publicidad.  Alivia  7 síntomas de la gripe,x 2 y a la gripe dile Chao,farmacia. El alivio de los  que saben,un precio justo,bonificaciones. Triple acción.  Mejor mejora Mejoral,y para tu bolsillo.
,7 síntomas de la gripe,x 2 y a la gripe dile Chao,farmacia. El alivio de los  que saben,barato. Olvidate de la gripe a  un precio justo,bonificaciones. Triple acción.  Mejor mejora Mejoral,y para tu bolsillo.
,7 síntomas de la gripe,x 2 y a la gripe dile Chao,farmacia. El alivio de los  que saben,barato. Olvidate de la gripe a  un precio justo,bonificaciones. Triple acción.  Mejor mejora Mejoral,y para tu bolsillo.
,7 síntomas de la gripe,x 2 y a la gripe dile Chao,farmacia. El alivio de los  que saben,barato. Olvidate de la gripe a  un precio justo,bonificaciones. Triple acción.  Mejor mejora Mejoral,y para tu bolsillo.
,7 síntomas de la gripe,x 2 y a la gripe dile Chao,que saben,un precio justo,Mejor mejora Mejoral,y para tu bolsillo.
,7 síntomas de la gripe,x 2 y a la gripe dile Chao,que saben,un precio justo,Mejor mejora Mejoral,y para tu bolsillo.
,7 síntomas de la gripe,x 2 y a la gripe dile Chao,que saben,un precio justo,Mejor mejora Mejoral,y para tu bolsillo.
,7 síntomas de la gripe,x 2 y a la gripe dile Chao,que saben,un precio justo,Mejor mejora Mejoral,y para tu bolsillo.
,7 síntomas de la gripe,x 2 y a la gripe dile Chao,que saben,un precio justo,Mejor mejora Mejoral,y para tu bolsillo.
,7 síntomas de la gripe,x 2 y a la gripe dile Chao,que saben,un precio justo,Mejor mejora Mejoral,y para tu bolsillo.
,7 síntomas de la gripe,x 2 y a la gripe dile Chao,que saben,un precio justo,Mejor mejora Mejoral,y para tu bolsillo.
,7 síntomas de la gripe,x 2 y a la gripe dile Chao,que saben,un precio justo,Mejor mejora Mejoral,y para tu bolsillo.
,7 síntomas de la gripe,x 2 y a la gripe dile Chao,que saben,un precio justo,Mejor mejora Mejoral,y para tu bolsillo.
,7 síntomas de la gripe,x 2 y a la gripe dile Chao,que saben,un precio justo,Mejor mejora Mejoral,
,7 síntomas de la gripe,x 2 y a la gripe dile Chao,que saben,un precio justo,Mejor mejora Mejoral,
,7 síntomas de la gripe,x 2 y a la gripe dile Chao,que saben,un precio justo,Mejor mejora Mejoral,
,,x 2 y a la gripe dile Chao,que saben,un precio justo,Mejor mejora Mejoral,
